<?xml version="1.0" encoding="utf-8"?>
<HotfixInstallationInfo xmlns:xsi="http://www.w3.org/2001/XMLSchema-instance" xmlns:xsd="http://www.w3.org/2001/XMLSchema">
  <Name>41e94aeb-9b4b-453e-8ce7-14cc236c2427</Name>
  <Description>Deployable package created from visual studio</Description>
  <InstallationDateTime>0001-01-01T00:00:00</InstallationDateTime>
  <InstallationInfoFilePath>C:\Users\Admin233ef5b9a7\AppData\Local\Temp\2\tmp7F01.tmp\HotfixInstallationInfo.xml</InstallationInfoFilePath>
  <Version />
  <Publisher>Non-Microsoft</Publisher>
  <GeneratedFromAXMetadata>false</GeneratedFromAXMetadata>
  <Type>ApplicationPackage</Type>
  <IncludedDeployablePackages />
  <ServiceModelList />
  <OtherComponentList />
  <MetadataModuleRelease>Update54</MetadataModuleRelease>
  <MetadataModuleList>
    <string>datamodel.7.0.6592.98</string>
  </MetadataModuleList>
  <MetadataModelList />
  <PlatformReleaseDisplayName>Update54</PlatformReleaseDisplayName>
  <PlatformVersion>7.0.6592.98</PlatformVersion>
  <IsCompatibleWithSealedRelease>true</IsCompatibleWithSealedRelease>
  <IsCompatibleWithApp81PlusRelease>true</IsCompatibleWithApp81PlusRelease>
  <AllComponentList>
    <ArrayOfString>
      <string>AX Module</string>
      <string>datamodel.7.0.6592.98</string>
    </ArrayOfString>
  </AllComponentList>
</HotfixInstallationInfo>